"","stock_id","common","bbmsy_q2.5","bbmsy_q25","bbmsy_q50","bbmsy_q75","bbmsy_q97.5","model"
"1","Acanthopagrus_berda-51","Goldsilk seabream",NA,NA,NA,NA,NA,"COM-SIR"
"2","Anguilla_anguilla-27","European eel",NA,NA,NA,NA,NA,"COM-SIR"
"3","Anguilla_anguilla-37","European eel",NA,NA,NA,NA,NA,"COM-SIR"
"4","Anodontostoma_chacunda-51","Chacunda gizzard shad",NA,NA,NA,NA,NA,"COM-SIR"
"5","Anodontostoma_chacunda-57","Chacunda gizzard shad",NA,NA,NA,NA,NA,"COM-SIR"
"6","Anodontostoma_chacunda-71","Chacunda gizzard shad",NA,NA,NA,NA,NA,"COM-SIR"
"7","Argentina_silus-27","Greater argentine",NA,NA,NA,NA,NA,"COM-SIR"
"8","Aspistor_quadriscutis-41","Bressou sea catfish",NA,NA,NA,NA,NA,"COM-SIR"
"9","Auxis_rochei-27","Bullet tuna",NA,NA,NA,NA,NA,"COM-SIR"
"10","Auxis_rochei-31","Bullet tuna",NA,NA,NA,NA,NA,"COM-SIR"
"11","Auxis_rochei-34","Bullet tuna",NA,NA,NA,NA,NA,"COM-SIR"
"12","Auxis_rochei-51","Bullet tuna",NA,NA,NA,NA,NA,"COM-SIR"
"13","Auxis_thazard-27","Frigate tuna",NA,NA,NA,NA,NA,"COM-SIR"
"14","Auxis_thazard-31","Frigate tuna",NA,NA,NA,NA,NA,"COM-SIR"
"15","Auxis_thazard-37","Frigate tuna",NA,NA,NA,NA,NA,"COM-SIR"
"16","Auxis_thazard-51","Frigate tuna",NA,NA,NA,NA,NA,"COM-SIR"
"17","Auxis_thazard-57","Frigate tuna",NA,NA,NA,NA,NA,"COM-SIR"
"18","Auxis_thazard-71","Frigate tuna",NA,NA,NA,NA,NA,"COM-SIR"
"19","Bagre_bagre-41","Coco sea catfish",NA,NA,NA,NA,NA,"COM-SIR"
"20","Belone_belone-27","Garfish",NA,NA,NA,NA,NA,"COM-SIR"
"21","Belone_belone-37","Garfish",NA,NA,NA,NA,NA,"COM-SIR"
"22","Boops_boops-27","Bogue",NA,NA,NA,NA,NA,"COM-SIR"
"23","Boops_boops-34","Bogue",NA,NA,NA,NA,NA,"COM-SIR"
"24","Boops_boops-37","Bogue",NA,NA,NA,NA,NA,"COM-SIR"
"25","Callorhinchus_milii-81","Ghost shark",NA,NA,NA,NA,NA,"COM-SIR"
"26","Capros_aper-27","Boarfish",NA,NA,NA,NA,NA,"COM-SIR"
"27","Caranx_hippos-31","Crevalle jack",NA,NA,NA,NA,NA,"COM-SIR"
"28","Caranx_hippos-34","Crevalle jack",NA,NA,NA,NA,NA,"COM-SIR"
"29","Caranx_hippos-41","Crevalle jack",NA,NA,NA,NA,NA,"COM-SIR"
"30","Caranx_hippos-47","Crevalle jack",NA,NA,NA,NA,NA,"COM-SIR"
"31","Caranx_ignobilis-51","Giant trevally",NA,NA,NA,NA,NA,"COM-SIR"
"32","Caranx_ignobilis-57","Giant trevally",NA,NA,NA,NA,NA,"COM-SIR"
"33","Caranx_ignobilis-71","Giant trevally",NA,NA,NA,NA,NA,"COM-SIR"
"34","Caranx_rhonchus-34","False scad",NA,NA,NA,NA,NA,"COM-SIR"
"35","Centropomus_undecimalis-31","Common snook",NA,NA,NA,NA,NA,"COM-SIR"
"36","Cephalopholis_boenak-57","Chocolate hind",NA,NA,NA,NA,NA,"COM-SIR"
"37","Cephalopholis_boenak-71","Chocolate hind",NA,NA,NA,NA,NA,"COM-SIR"
"38","Chirocentrus_dorab-51","Dorab wolfherring",NA,NA,NA,NA,NA,"COM-SIR"
"39","Chirocentrus_dorab-57","Dorab wolfherring",NA,NA,NA,NA,NA,"COM-SIR"
"40","Chirocentrus_dorab-71","Dorab wolfherring",NA,NA,NA,NA,NA,"COM-SIR"
"41","Cilus_gilberti-87","Corvina drum",NA,NA,NA,NA,NA,"COM-SIR"
"42","Clupanodon_thrissa-61","Chinese gizzard shad",NA,NA,NA,NA,NA,"COM-SIR"
"43","Clupanodon_thrissa-71","Chinese gizzard shad",NA,NA,NA,NA,NA,"COM-SIR"
"44","Clupeonella_cultriventris-37","Caspian Sea sprat",NA,NA,NA,NA,NA,"COM-SIR"
"45","Conger_conger-27","European conger",NA,NA,NA,NA,NA,"COM-SIR"
"46","Conger_conger-34","European conger",NA,NA,NA,NA,NA,"COM-SIR"
"47","Conger_conger-37","European conger",NA,NA,NA,NA,NA,"COM-SIR"
"48","Coregonus_nasus-18","Broad whitefish",NA,NA,NA,NA,NA,"COM-SIR"
"49","Coryphaena_hippurus-21","Common dolphinfish",NA,NA,NA,NA,NA,"COM-SIR"
"50","Coryphaena_hippurus-31","Common dolphinfish",NA,NA,NA,NA,NA,"COM-SIR"
"51","Coryphaena_hippurus-37","Common dolphinfish",NA,NA,NA,NA,NA,"COM-SIR"
"52","Coryphaena_hippurus-41","Common dolphinfish",NA,NA,NA,NA,NA,"COM-SIR"
"53","Coryphaena_hippurus-51","Common dolphinfish",NA,NA,NA,NA,NA,"COM-SIR"
"54","Coryphaena_hippurus-57","Common dolphinfish",NA,NA,NA,NA,NA,"COM-SIR"
"55","Coryphaena_hippurus-61","Common dolphinfish",NA,NA,NA,NA,NA,"COM-SIR"
"56","Coryphaena_hippurus-71","Common dolphinfish",NA,NA,NA,NA,NA,"COM-SIR"
"57","Coryphaena_hippurus-77","Common dolphinfish",NA,NA,NA,NA,NA,"COM-SIR"
"58","Coryphaena_hippurus-87","Common dolphinfish",NA,NA,NA,NA,NA,"COM-SIR"
"59","Dentex_dentex-37","Common dentex",NA,NA,NA,NA,NA,"COM-SIR"
"60","Diapterus_rhombeus-31","Caitipa mojarra",NA,NA,NA,NA,NA,"COM-SIR"
"61","Dicentrarchus_labrax-27","European seabass",NA,NA,NA,NA,NA,"COM-SIR"
"62","Dicentrarchus_labrax-37","European seabass",NA,NA,NA,NA,NA,"COM-SIR"
"63","Diplodus_vulgaris-34","Common twobanded seabream",NA,NA,NA,NA,NA,"COM-SIR"
"64","Diplodus_vulgaris-37","Common twobanded seabream",NA,NA,NA,NA,NA,"COM-SIR"
"65","Eleutheronema_tetradactylum-51","Fourfinger threadfin",NA,NA,NA,NA,NA,"COM-SIR"
"66","Eleutheronema_tetradactylum-57","Fourfinger threadfin",NA,NA,NA,NA,NA,"COM-SIR"
"67","Eleutheronema_tetradactylum-61","Fourfinger threadfin",NA,NA,NA,NA,NA,"COM-SIR"
"68","Eleutheronema_tetradactylum-71","Fourfinger threadfin",NA,NA,NA,NA,NA,"COM-SIR"
"69","Emmelichthys_nitidus_nitidus-81","Cape bonnetmouth",NA,NA,NA,NA,NA,"COM-SIR"
"70","Engraulis_encrasicolus-27","European anchovy",NA,NA,NA,NA,NA,"COM-SIR"
"71","Engraulis_encrasicolus-34","European anchovy",NA,NA,NA,NA,NA,"COM-SIR"
"72","Engraulis_encrasicolus-37","European anchovy",NA,NA,NA,NA,NA,"COM-SIR"
"73","Engraulis_mordax-67","Californian anchovy",NA,NA,NA,NA,NA,"COM-SIR"
"74","Engraulis_mordax-77","Californian anchovy",NA,NA,NA,NA,NA,"COM-SIR"
"75","Epinephelus_goreensis-34","Dungat grouper",NA,NA,NA,NA,NA,"COM-SIR"
"76","Epinephelus_marginatus-34","Dusky grouper",NA,NA,NA,NA,NA,"COM-SIR"
"77","Epinephelus_marginatus-37","Dusky grouper",NA,NA,NA,NA,NA,"COM-SIR"
"78","Ethmalosa_fimbriata-34","Bonga shad",NA,NA,NA,NA,NA,"COM-SIR"
"79","Ethmalosa_fimbriata-37","Bonga shad",NA,NA,NA,NA,NA,"COM-SIR"
"80","Ethmalosa_fimbriata-47","Bonga shad",NA,NA,NA,NA,NA,"COM-SIR"
"81","Gerres_oyena-51","Common silverbiddy",NA,NA,NA,NA,NA,"COM-SIR"
"82","Haemulon_steindachneri-31","Cherechere grunt",NA,NA,NA,NA,NA,"COM-SIR"
"83","Harpadon_nehereus-51","Bombay duck",NA,NA,NA,NA,NA,"COM-SIR"
"84","Harpadon_nehereus-57","Bombay duck",NA,NA,NA,NA,NA,"COM-SIR"
"85","Harpadon_nehereus-61","Bombay duck",NA,NA,NA,NA,NA,"COM-SIR"
"86","Harpadon_nehereus-71","Bombay duck",NA,NA,NA,NA,NA,"COM-SIR"
"87","Hippoglossoides_elassodon-61","Flathead sole",NA,NA,NA,NA,NA,"COM-SIR"
"88","Hippoglossoides_elassodon-67","Flathead sole",NA,NA,NA,NA,NA,"COM-SIR"
"89","Ilisha_elongata-61","Elongate ilisha",NA,NA,NA,NA,NA,"COM-SIR"
"90","Ilisha_elongata-71","Elongate ilisha",NA,NA,NA,NA,NA,"COM-SIR"
"91","Isacia_conceptionis-87","Cabinza grunt",NA,NA,NA,NA,NA,"COM-SIR"
"92","Kathetostoma_giganteum-81","Giant stargazer",NA,NA,NA,NA,NA,"COM-SIR"
"93","Konosirus_punctatus-61","Dotted gizzard shad",NA,NA,NA,NA,NA,"COM-SIR"
"94","Lactarius_lactarius-51","False trevally",NA,NA,NA,NA,NA,"COM-SIR"
"95","Lactarius_lactarius-57","False trevally",NA,NA,NA,NA,NA,"COM-SIR"
"96","Lactarius_lactarius-71","False trevally",NA,NA,NA,NA,NA,"COM-SIR"
"97","Leiognathus_equulus-51","Common ponyfish",NA,NA,NA,NA,NA,"COM-SIR"
"98","Leucoraja_naevus-27","Cuckoo ray",NA,NA,NA,NA,NA,"COM-SIR"
"99","Limanda_limanda-27","Common dab",NA,NA,NA,NA,NA,"COM-SIR"
"100","Liza_aurata-27","Golden grey mullet",NA,NA,NA,NA,NA,"COM-SIR"
"101","Liza_aurata-34","Golden grey mullet",NA,NA,NA,NA,NA,"COM-SIR"
"102","Lophius_vomerinus-47","Devil anglerfish",NA,NA,NA,NA,NA,"COM-SIR"
"103","Lutjanus_quinquelineatus-71","Fivelined snapper",NA,NA,NA,NA,NA,"COM-SIR"
"104","Mallotus_villosus-18","Capelin",NA,NA,NA,NA,NA,"COM-SIR"
"105","Mallotus_villosus-21","Capelin",NA,NA,NA,NA,NA,"COM-SIR"
"106","Mallotus_villosus-27","Capelin",NA,NA,NA,NA,NA,"COM-SIR"
"107","Mallotus_villosus-61","Capelin",NA,NA,NA,NA,NA,"COM-SIR"
"108","Merluccius_merluccius-27","European hake",NA,NA,NA,NA,NA,"COM-SIR"
"109","Merluccius_merluccius-34","European hake",NA,NA,NA,NA,NA,"COM-SIR"
"110","Merluccius_merluccius-37","European hake",NA,NA,NA,NA,NA,"COM-SIR"
"111","Micromesistius_poutassou-27","Blue whiting",NA,NA,NA,NA,NA,"COM-SIR"
"112","Micromesistius_poutassou-34","Blue whiting",NA,NA,NA,NA,NA,"COM-SIR"
"113","Micromesistius_poutassou-37","Blue whiting",NA,NA,NA,NA,NA,"COM-SIR"
"114","Microstomus_pacificus-67","Dover sole",NA,NA,NA,NA,NA,"COM-SIR"
"115","Microstomus_pacificus-77","Dover sole",NA,NA,NA,NA,NA,"COM-SIR"
"116","Moolgarda_seheli-51","Bluespot mullet",NA,NA,NA,NA,NA,"COM-SIR"
"117","Mugil_cephalus-21","Flathead grey mullet",NA,NA,NA,NA,NA,"COM-SIR"
"118","Mugil_cephalus-31","Flathead grey mullet",NA,NA,NA,NA,NA,"COM-SIR"
"119","Mugil_cephalus-34","Flathead grey mullet",NA,NA,NA,NA,NA,"COM-SIR"
"120","Mugil_cephalus-37","Flathead grey mullet",NA,NA,NA,NA,NA,"COM-SIR"
"121","Mugil_cephalus-51","Flathead grey mullet",NA,NA,NA,NA,NA,"COM-SIR"
"122","Mugil_cephalus-57","Flathead grey mullet",NA,NA,NA,NA,NA,"COM-SIR"
"123","Mugil_cephalus-61","Flathead grey mullet",NA,NA,NA,NA,NA,"COM-SIR"
"124","Mugil_cephalus-71","Flathead grey mullet",NA,NA,NA,NA,NA,"COM-SIR"
"125","Mugil_cephalus-77","Flathead grey mullet",NA,NA,NA,NA,NA,"COM-SIR"
"126","Mugil_cephalus-87","Flathead grey mullet",NA,NA,NA,NA,NA,"COM-SIR"
"127","Muraenesox_cinereus-51","Daggertooth pike conger",NA,NA,NA,NA,NA,"COM-SIR"
"128","Muraenesox_cinereus-57","Daggertooth pike conger",NA,NA,NA,NA,NA,"COM-SIR"
"129","Muraenesox_cinereus-61","Daggertooth pike conger",NA,NA,NA,NA,NA,"COM-SIR"
"130","Muraenesox_cinereus-71","Daggertooth pike conger",NA,NA,NA,NA,NA,"COM-SIR"
"131","Mycteroperca_microlepis-31","Gag",NA,NA,NA,NA,NA,"COM-SIR"
"132","Nemadactylus_bergi-41","Castaneta",NA,NA,NA,NA,NA,"COM-SIR"
"133","Nemipterus_virgatus-61","Golden threadfin bream",NA,NA,NA,NA,NA,"COM-SIR"
"134","Nemipterus_virgatus-71","Golden threadfin bream",NA,NA,NA,NA,NA,"COM-SIR"
"135","Netuma_thalassina-51","Giant catfish",NA,NA,NA,NA,NA,"COM-SIR"
"136","Netuma_thalassina-57","Giant catfish",NA,NA,NA,NA,NA,"COM-SIR"
"137","Netuma_thalassina-71","Giant catfish",NA,NA,NA,NA,NA,"COM-SIR"
"138","Odontesthes_regia-87","Chilean silverside",NA,NA,NA,NA,NA,"COM-SIR"
"139","Oncorhynchus_keta-61","Chum salmon",NA,NA,NA,NA,NA,"COM-SIR"
"140","Oncorhynchus_keta-67","Chum salmon",NA,NA,NA,NA,NA,"COM-SIR"
"141","Oncorhynchus_keta-77","Chum salmon",NA,NA,NA,NA,NA,"COM-SIR"
"142","Oncorhynchus_kisutch-61","Coho salmon",NA,NA,NA,NA,NA,"COM-SIR"
"143","Oncorhynchus_kisutch-67","Coho salmon",NA,NA,NA,NA,NA,"COM-SIR"
"144","Oncorhynchus_kisutch-77","Coho salmon",NA,NA,NA,NA,NA,"COM-SIR"
"145","Oncorhynchus_tshawytscha-61","Chinook salmon",NA,NA,NA,NA,NA,"COM-SIR"
"146","Oncorhynchus_tshawytscha-67","Chinook salmon",NA,NA,NA,NA,NA,"COM-SIR"
"147","Oncorhynchus_tshawytscha-77","Chinook salmon",NA,NA,NA,NA,NA,"COM-SIR"
"148","Osmerus_eperlanus-27","European smelt",NA,NA,NA,NA,NA,"COM-SIR"
"149","Pagellus_erythrinus-34","Common pandora",NA,NA,NA,NA,NA,"COM-SIR"
"150","Pagellus_erythrinus-37","Common pandora",NA,NA,NA,NA,NA,"COM-SIR"
"151","Pagrus_caeruleostictus-34","Bluespotted seabream",NA,NA,NA,NA,NA,"COM-SIR"
"152","Pampus_chinensis-51","Chinese silver pomfret",NA,NA,NA,NA,NA,"COM-SIR"
"153","Pampus_chinensis-57","Chinese silver pomfret",NA,NA,NA,NA,NA,"COM-SIR"
"154","Pampus_chinensis-71","Chinese silver pomfret",NA,NA,NA,NA,NA,"COM-SIR"
"155","Parophrys_vetulus-77","English sole",NA,NA,NA,NA,NA,"COM-SIR"
"156","Pelates_quadrilineatus-47","Fourlined terapon",NA,NA,NA,NA,NA,"COM-SIR"
"157","Pelates_quadrilineatus-51","Fourlined terapon",NA,NA,NA,NA,NA,"COM-SIR"
"158","Perca_fluviatilis-27","European perch",NA,NA,NA,NA,NA,"COM-SIR"
"159","Percophis_brasiliensis-41","Brazilian flathead",NA,NA,NA,NA,NA,"COM-SIR"
"160","Phycis_blennoides-27","Greater forkbeard",NA,NA,NA,NA,NA,"COM-SIR"
"161","Phycis_phycis-37","Forkbeard",NA,NA,NA,NA,NA,"COM-SIR"
"162","Platichthys_flesus-27","European flounder",NA,NA,NA,NA,NA,"COM-SIR"
"163","Platichthys_flesus-37","European flounder",NA,NA,NA,NA,NA,"COM-SIR"
"164","Pleuronectes_platessa-27","European plaice",NA,NA,NA,NA,NA,"COM-SIR"
"165","Polydactylus_quadrifilis-34","Giant African threadfin",NA,NA,NA,NA,NA,"COM-SIR"
"166","Porichthys_margaritatus-77","Daisy midshipman",NA,NA,NA,NA,NA,"COM-SIR"
"167","Prionace_glauca-77","Blue shark",NA,NA,NA,NA,NA,"COM-SIR"
"168","Prionace_glauca-87","Blue shark",NA,NA,NA,NA,NA,"COM-SIR"
"169","Pseudotolithus_elongatus-34","Bobo croaker",NA,NA,NA,NA,NA,"COM-SIR"
"170","Pseudotolithus_elongatus-37","Bobo croaker",NA,NA,NA,NA,NA,"COM-SIR"
"171","Pseudotolithus_senegalensis-34","Cassava croaker",NA,NA,NA,NA,NA,"COM-SIR"
"172","Pseudotolithus_senegalensis-37","Cassava croaker",NA,NA,NA,NA,NA,"COM-SIR"
"173","Pteroscion_peli-34","Boe drum",NA,NA,NA,NA,NA,"COM-SIR"
"174","Rachycentron_canadum-34","Cobia",NA,NA,NA,NA,NA,"COM-SIR"
"175","Rachycentron_canadum-51","Cobia",NA,NA,NA,NA,NA,"COM-SIR"
"176","Rachycentron_canadum-57","Cobia",NA,NA,NA,NA,NA,"COM-SIR"
"177","Rachycentron_canadum-71","Cobia",NA,NA,NA,NA,NA,"COM-SIR"
"178","Rhabdosargus_sarba-51","Goldlined seabream",NA,NA,NA,NA,NA,"COM-SIR"
"179","Rhynchobatus_djiddensis-51","Giant guitarfish",NA,NA,NA,NA,NA,"COM-SIR"
"180","Rhynchobatus_djiddensis-57","Giant guitarfish",NA,NA,NA,NA,NA,"COM-SIR"
"181","Sarda_chiliensis-77","Eastern Pacific bonito",NA,NA,NA,NA,NA,"COM-SIR"
"182","Sarda_chiliensis-87","Eastern Pacific bonito",NA,NA,NA,NA,NA,"COM-SIR"
"183","Sardina_pilchardus-27","European pilchard",NA,NA,NA,NA,NA,"COM-SIR"
"184","Sardina_pilchardus-34","European pilchard",NA,NA,NA,NA,NA,"COM-SIR"
"185","Sardina_pilchardus-37","European pilchard",NA,NA,NA,NA,NA,"COM-SIR"
"186","Sardinella_brasiliensis-31","Brazilian sardinella",NA,NA,NA,NA,NA,"COM-SIR"
"187","Sardinella_brasiliensis-41","Brazilian sardinella",NA,NA,NA,NA,NA,"COM-SIR"
"188","Sardinella_fimbriata-51","Fringescale sardinella",NA,NA,NA,NA,NA,"COM-SIR"
"189","Sardinella_fimbriata-57","Fringescale sardinella",NA,NA,NA,NA,NA,"COM-SIR"
"190","Sardinella_fimbriata-61","Fringescale sardinella",NA,NA,NA,NA,NA,"COM-SIR"
"191","Sardinella_fimbriata-71","Fringescale sardinella",NA,NA,NA,NA,NA,"COM-SIR"
"192","Sardinella_gibbosa-51","Goldstripe sardinella",NA,NA,NA,NA,NA,"COM-SIR"
"193","Sardinella_gibbosa-57","Goldstripe sardinella",NA,NA,NA,NA,NA,"COM-SIR"
"194","Saurida_tumbil-51","Greater lizardfish",NA,NA,NA,NA,NA,"COM-SIR"
"195","Sciades_parkeri-41","Gillbacker sea catfish",NA,NA,NA,NA,NA,"COM-SIR"
"196","Sciades_proops-41","Crucifix sea catfish",NA,NA,NA,NA,NA,"COM-SIR"
"197","Scomber_japonicus-61","Chub mackerel",NA,NA,NA,NA,NA,"COM-SIR"
"198","Scomber_japonicus-67","Chub mackerel",NA,NA,NA,NA,NA,"COM-SIR"
"199","Scomber_japonicus-71","Chub mackerel",NA,NA,NA,NA,NA,"COM-SIR"
"200","Scomber_japonicus-77","Chub mackerel",NA,NA,NA,NA,NA,"COM-SIR"
"201","Scomber_japonicus-87","Chub mackerel",NA,NA,NA,NA,NA,"COM-SIR"
"202","Scomberoides_lysan-51","Doublespotted queenfish",NA,NA,NA,NA,NA,"COM-SIR"
"203","Scophthalmus_rhombus-27","Brill",NA,NA,NA,NA,NA,"COM-SIR"
"204","Sebastes_norvegicus-21","Golden redfish",NA,NA,NA,NA,NA,"COM-SIR"
"205","Sebastes_norvegicus-27","Golden redfish",NA,NA,NA,NA,NA,"COM-SIR"
"206","Seriola_dumerili-31","Greater amberjack",NA,NA,NA,NA,NA,"COM-SIR"
"207","Seriola_dumerili-34","Greater amberjack",NA,NA,NA,NA,NA,"COM-SIR"
"208","Seriola_dumerili-37","Greater amberjack",NA,NA,NA,NA,NA,"COM-SIR"
"209","Seriolella_brama-81","Common warehou",NA,NA,NA,NA,NA,"COM-SIR"
"210","Solea_solea-27","Common sole",NA,NA,NA,NA,NA,"COM-SIR"
"211","Solea_solea-37","Common sole",NA,NA,NA,NA,NA,"COM-SIR"
"212","Sparus_aurata-37","Gilthead seabream",NA,NA,NA,NA,NA,"COM-SIR"
"213","Sparus_aurata-47","Gilthead seabream",NA,NA,NA,NA,NA,"COM-SIR"
"214","Sphyraena_barracuda-51","Great barracuda",NA,NA,NA,NA,NA,"COM-SIR"
"215","Sprattus_sprattus-27","European sprat",NA,NA,NA,NA,NA,"COM-SIR"
"216","Sprattus_sprattus-37","European sprat",NA,NA,NA,NA,NA,"COM-SIR"
"217","Trachurus_capensis-47","Cape horse mackerel",NA,NA,NA,NA,NA,"COM-SIR"
"218","Trachurus_capensis-51","Cape horse mackerel",NA,NA,NA,NA,NA,"COM-SIR"
"219","Trachurus_murphyi-87","Chilean jack mackerel",NA,NA,NA,NA,NA,"COM-SIR"
"220","Trachurus_trecae-34","Cunene horse mackerel",NA,NA,NA,NA,NA,"COM-SIR"
"221","Trachurus_trecae-37","Cunene horse mackerel",NA,NA,NA,NA,NA,"COM-SIR"
"222","Trachurus_trecae-47","Cunene horse mackerel",NA,NA,NA,NA,NA,"COM-SIR"
"223","Umbrina_canariensis-47","Canary drum",NA,NA,NA,NA,NA,"COM-SIR"
"224","Urophycis_brasiliensis-41","Brazilian codling",NA,NA,NA,NA,NA,"COM-SIR"
"225","Zoarces_viviparus-27","Eelpout",NA,NA,NA,NA,NA,"COM-SIR"
